Disease,Symptom
osteoarthritis,pain
hepatitis,fatigue
diabetes,swelling
diabetes,redness
diabetes,pain
diabetes,fatigue
rosacea,redness
osteoarthritis,pain
osteoarthritis,pain
hepatitis,pain
diabetes,pain
hepatitis,fatigue
osteoarthritis,pain
osteoarthritis,swelling
osteoarthritis,pain
diabetes,pain
pneumonia,redness
pneumonia,fever
pneumonia,fatigue
pneumonia,cough
hepatitis,fatigue
hepatitis,pain
hepatitis,pain
osteoarthritis,pain
sciatica,pain
pneumonia,shortness of breath
pneumonia,fever
rosacea,redness
pneumonia,shortness of breath
rosacea,redness
hepatitis,weight loss
hepatitis,fatigue
diabetes,pain
sciatica,pain
pneumonia,fever
pneumonia,pain
pneumonia,cough
diabetes,fatigue
pneumonia,cough
hepatitis,fatigue
sciatica,pain
osteoarthritis,pain
diabetes,pain
hepatitis,fatigue
hepatitis,pain
pneumonia,shortness of breath
pneumonia,cough
pneumonia,shortness of breath
pneumonia,fever
pneumonia,fatigue
hepatitis,pain
diabetes,fever
diabetes,pain
diabetes,pain
acl tear,pain
osteoarthritis,swelling
osteoarthritis,pain
pneumonia,pain
diabetes,weight loss
osteoarthritis,pain
diabetes,fever
diabetes,pain
osteoarthritis,pain
pneumonia,pain
acl tear,pain
rosacea,pain
scaphoid fracture,swelling
scaphoid fracture,pain
pneumonia,fever
pneumonia,pain
pneumonia,cough
sciatica,pain
sciatica,numbness
diabetes,pain
diabetes,numbness
esophageal cancer,fever
esophageal cancer,pain
esophageal cancer,cough
esophageal cancer,weight loss
rosacea,redness
diabetes,weight loss
pneumonia,fever
pneumonia,cough
pneumonia,fever
pneumonia,cough
hepatitis,numbness
hepatitis,swelling
hepatitis,pain
osteoarthritis,pain
diabetes,numbness
rosacea,fever
sciatica,pain
sciatica,numbness
pneumonia,fever
pneumonia,cough
diabetes,shortness of breath
diabetes,fatigue
diabetes,pain
pneumonia,fever
pneumonia,cough
diabetes,swelling
diabetes,pain
osteoarthritis,pain
diabetes,pain
diabetes,weight loss
diabetes,pain
osteoarthritis,swelling
osteoarthritis,pain
osteoarthritis,pain
diabetes,fever
diabetes,pain
diabetes,fever
diabetes,pain
diabetes,weight loss
sciatica,pain
sciatica,cough
hepatitis,pain
pneumonia,weight loss
pneumonia,cough
pneumonia,fever
pneumonia,fatigue
pneumonia,cough
pneumonia,weight loss
diabetes,pain
diabetes,weight loss
diabetes,fatigue
scaphoid fracture,pain
pneumonia,fever
pneumonia,cough
diabetes,weight loss
pneumonia,fever
pneumonia,cough
pneumonia,fever
pneumonia,cough
esophageal cancer,weight loss
diabetes,swelling
esophageal cancer,weight loss
esophageal cancer,weight loss
sciatica,pain
diabetes,fatigue
diabetes,dizziness
diabetes,pain
pneumonia,fever
pneumonia,fatigue
pneumonia,cough
pneumonia,weight loss
pneumonia,cough
osteoarthritis,pain
pneumonia,fever
pneumonia,cough
acl tear,swelling
acl tear,pain
hepatitis,weight loss
hepatitis,pain
osteoarthritis,swelling
osteoarthritis,pain
rosacea,pain
pneumonia,shortness of breath
pneumonia,fever
pneumonia,cough
sciatica,pain
scaphoid fracture,swelling
scaphoid fracture,pain
sciatica,pain
hepatitis,shortness of breath
osteoarthritis,pain
diabetes,pain
hepatitis,pain
osteoarthritis,pain
sciatica,pain
sciatica,pain
diabetes,fever
osteoarthritis,pain
pneumonia,fever
pneumonia,pain
pneumonia,cough
osteoarthritis,pain
pneumonia,shortness of breath
pneumonia,pain
pneumonia,shortness of breath
pneumonia,fever
pneumonia,cough
sciatica,pain
sciatica,numbness
diabetes,pain
diabetes,cough
hepatitis,pain
hepatitis,pain
diabetes,fever
diabetes,pain
diabetes,fever
osteoarthritis,pain
osteoarthritis,swelling
osteoarthritis,pain
scaphoid fracture,swelling
scaphoid fracture,pain
