Disease,Treatment
osteoarthritis,physical therapy
osteoarthritis,surgery
hepatitis,CT scan
rosacea,topical treatment
osteoarthritis,physical therapy
osteoarthritis,physical therapy
osteoarthritis,MRI
osteoarthritis,physical therapy
pneumonia,antibiotics
diabetes,fluids
rosacea,topical treatment
rosacea,antibiotics
pneumonia,antibiotics
rosacea,antibiotics
sciatica,physical therapy
pneumonia,antibiotics
diabetes,fluids
sciatica,CT scan
sciatica,MRI
osteoarthritis,physical therapy
diabetes,CT scan
pneumonia,CT scan
rosacea,surgery
rosacea,antibiotics
diabetes,CT scan
diabetes,surgery
diabetes,antibiotics
diabetes,CT scan
acl tear,MRI
pneumonia,CT scan
hepatitis,CT scan
hepatitis,MRI
osteoarthritis,physical therapy
diabetes,surgery
diabetes,CT scan
pneumonia,antibiotics
acl tear,physical therapy
acl tear,RICE therapy
acl tear,brace
acl tear,MRI
rosacea,antibiotics
scaphoid fracture,MRI
sciatica,physical therapy
diabetes,physical therapy
rosacea,topical treatment
rosacea,antibiotics
diabetes,antibiotics
pneumonia,surgery
pneumonia,antibiotics
rosacea,antibiotics
sciatica,physical therapy
sciatica,surgery
pneumonia,antibiotics
pneumonia,CT scan
pneumonia,antibiotics
osteoarthritis,physical therapy
diabetes,CT scan
diabetes,surgery
diabetes,CT scan
diabetes,MRI
osteoarthritis,MRI
diabetes,antibiotics
osteoarthritis,physical therapy
diabetes,antibiotics
diabetes,MRI
diabetes,CT scan
sciatica,MRI
hepatitis,MRI
pneumonia,CT scan
pneumonia,antibiotics
pneumonia,CT scan
diabetes,antibiotics
hepatitis,fluids
hepatitis,antibiotics
sciatica,physical therapy
rosacea,topical treatment
pneumonia,antibiotics
pneumonia,antibiotics
acl tear,surgery
acl tear,MRI
hepatitis,CT scan
hepatitis,MRI
osteoarthritis,surgery
pneumonia,antibiotics
rosacea,antibiotics
diabetes,surgery
sciatica,physical therapy
sciatica,surgery
sciatica,MRI
osteoarthritis,physical therapy
diabetes,CT scan
rosacea,surgery
rosacea,antibiotics
sciatica,physical therapy
sciatica,surgery
sciatica,MRI
osteoarthritis,physical therapy
osteoarthritis,MRI
pneumonia,CT scan
osteoarthritis,physical therapy
hepatitis,antibiotics
sciatica,physical therapy
sciatica,MRI
hepatitis,CT scan
hepatitis,CT scan
diabetes,surgery
diabetes,antibiotics
